<?xml version="1.0" encoding="UTF-8"?>
<root>
  <item name="dji.v5.ux.core.ui.hsi.HSIMarkerLayer.IndicatorInfo horizontalAlign">
    <annotation name="androidx.annotation.IntDef">
      <val name="value" val="{dji.v5.ux.core.ui.hsi.HSIMarkerLayer.INDICATOR_ALIGN_LEFT, dji.v5.ux.core.ui.hsi.HSIMarkerLayer.INDICATOR_ALIGN_RIGHT, dji.v5.ux.core.ui.hsi.HSIMarkerLayer.INDICATOR_ALIGN_TOP, dji.v5.ux.core.ui.hsi.HSIMarkerLayer.INDICATOR_ALIGN_BOTTOM}" />
    </annotation>
  </item>
  <item name="dji.v5.ux.core.ui.hsi.HSIMarkerLayer.IndicatorInfo verticalAlign">
    <annotation name="androidx.annotation.IntDef">
      <val name="value" val="{dji.v5.ux.core.ui.hsi.HSIMarkerLayer.INDICATOR_ALIGN_LEFT, dji.v5.ux.core.ui.hsi.HSIMarkerLayer.INDICATOR_ALIGN_RIGHT, dji.v5.ux.core.ui.hsi.HSIMarkerLayer.INDICATOR_ALIGN_TOP, dji.v5.ux.core.ui.hsi.HSIMarkerLayer.INDICATOR_ALIGN_BOTTOM}" />
    </annotation>
  </item>
</root>

