<?xml version="1.0" encoding="UTF-8"?>
<root>
  <item name="dji.v5.ux.mapkit.core.Mapkit int getMapProvider()">
    <annotation name="androidx.annotation.IntDef">
      <val name="value" val="{dji.v5.ux.mapkit.core.Mapkit.MapProviderConstant.INVALID_PROVIDER, dji.v5.ux.mapkit.core.Mapkit.MapProviderConstant.GOOGLE_MAP_PROVIDER, dji.v5.ux.mapkit.core.Mapkit.MapProviderConstant.AMAP_PROVIDER, dji.v5.ux.mapkit.core.Mapkit.MapProviderConstant.MAPLIBRE_MAP_PROVIDER, dji.v5.ux.mapkit.core.Mapkit.MapProviderConstant.HERE_MAP_PROVIDER}" />
    </annotation>
  </item>
  <item name="dji.v5.ux.mapkit.core.Mapkit java.lang.String getMapProviderClassName(int) 0">
    <annotation name="androidx.annotation.IntDef">
      <val name="value" val="{dji.v5.ux.mapkit.core.Mapkit.MapProviderConstant.INVALID_PROVIDER, dji.v5.ux.mapkit.core.Mapkit.MapProviderConstant.GOOGLE_MAP_PROVIDER, dji.v5.ux.mapkit.core.Mapkit.MapProviderConstant.AMAP_PROVIDER, dji.v5.ux.mapkit.core.Mapkit.MapProviderConstant.MAPLIBRE_MAP_PROVIDER, dji.v5.ux.mapkit.core.Mapkit.MapProviderConstant.HERE_MAP_PROVIDER}" />
    </annotation>
  </item>
  <item name="dji.v5.ux.mapkit.core.Mapkit void mapProvider(int) 0">
    <annotation name="androidx.annotation.IntDef">
      <val name="value" val="{dji.v5.ux.mapkit.core.Mapkit.MapProviderConstant.INVALID_PROVIDER, dji.v5.ux.mapkit.core.Mapkit.MapProviderConstant.GOOGLE_MAP_PROVIDER, dji.v5.ux.mapkit.core.Mapkit.MapProviderConstant.AMAP_PROVIDER, dji.v5.ux.mapkit.core.Mapkit.MapProviderConstant.MAPLIBRE_MAP_PROVIDER, dji.v5.ux.mapkit.core.Mapkit.MapProviderConstant.HERE_MAP_PROVIDER}" />
    </annotation>
  </item>
  <item name="dji.v5.ux.mapkit.core.Mapkit.MapProviderConstant">
    <annotation name="androidx.annotation.IntDef">
      <val name="value" val="{dji.v5.ux.mapkit.core.Mapkit.MapProviderConstant.INVALID_PROVIDER, dji.v5.ux.mapkit.core.Mapkit.MapProviderConstant.GOOGLE_MAP_PROVIDER, dji.v5.ux.mapkit.core.Mapkit.MapProviderConstant.AMAP_PROVIDER, dji.v5.ux.mapkit.core.Mapkit.MapProviderConstant.MAPLIBRE_MAP_PROVIDER, dji.v5.ux.mapkit.core.Mapkit.MapProviderConstant.HERE_MAP_PROVIDER}" />
    </annotation>
  </item>
  <item name="dji.v5.ux.mapkit.core.MapkitOptions MapkitOptions(int, java.util.List&lt;java.lang.Integer&gt;) 1">
    <annotation name="androidx.annotation.IntDef">
      <val name="value" val="{dji.v5.ux.mapkit.core.Mapkit.MapProviderConstant.INVALID_PROVIDER, dji.v5.ux.mapkit.core.Mapkit.MapProviderConstant.GOOGLE_MAP_PROVIDER, dji.v5.ux.mapkit.core.Mapkit.MapProviderConstant.AMAP_PROVIDER, dji.v5.ux.mapkit.core.Mapkit.MapProviderConstant.MAPLIBRE_MAP_PROVIDER, dji.v5.ux.mapkit.core.Mapkit.MapProviderConstant.HERE_MAP_PROVIDER}" />
    </annotation>
  </item>
  <item name="dji.v5.ux.mapkit.core.MapkitOptions int getProvider()">
    <annotation name="androidx.annotation.IntDef">
      <val name="value" val="{dji.v5.ux.mapkit.core.Mapkit.MapProviderConstant.INVALID_PROVIDER, dji.v5.ux.mapkit.core.Mapkit.MapProviderConstant.GOOGLE_MAP_PROVIDER, dji.v5.ux.mapkit.core.Mapkit.MapProviderConstant.AMAP_PROVIDER, dji.v5.ux.mapkit.core.Mapkit.MapProviderConstant.MAPLIBRE_MAP_PROVIDER, dji.v5.ux.mapkit.core.Mapkit.MapProviderConstant.HERE_MAP_PROVIDER}" />
    </annotation>
  </item>
  <item name="dji.v5.ux.mapkit.core.MapkitOptions java.util.List&lt;java.lang.Integer&gt; getProviderList()">
    <annotation name="androidx.annotation.IntDef">
      <val name="value" val="{dji.v5.ux.mapkit.core.Mapkit.MapProviderConstant.INVALID_PROVIDER, dji.v5.ux.mapkit.core.Mapkit.MapProviderConstant.GOOGLE_MAP_PROVIDER, dji.v5.ux.mapkit.core.Mapkit.MapProviderConstant.AMAP_PROVIDER, dji.v5.ux.mapkit.core.Mapkit.MapProviderConstant.MAPLIBRE_MAP_PROVIDER, dji.v5.ux.mapkit.core.Mapkit.MapProviderConstant.HERE_MAP_PROVIDER}" />
    </annotation>
  </item>
  <item name="dji.v5.ux.mapkit.core.MapkitOptions provider">
    <annotation name="androidx.annotation.IntDef">
      <val name="value" val="{dji.v5.ux.mapkit.core.Mapkit.MapProviderConstant.INVALID_PROVIDER, dji.v5.ux.mapkit.core.Mapkit.MapProviderConstant.GOOGLE_MAP_PROVIDER, dji.v5.ux.mapkit.core.Mapkit.MapProviderConstant.AMAP_PROVIDER, dji.v5.ux.mapkit.core.Mapkit.MapProviderConstant.MAPLIBRE_MAP_PROVIDER, dji.v5.ux.mapkit.core.Mapkit.MapProviderConstant.HERE_MAP_PROVIDER}" />
    </annotation>
  </item>
  <item name="dji.v5.ux.mapkit.core.MapkitOptions.Builder dji.v5.ux.mapkit.core.MapkitOptions.Builder addMapProvider(int) 0">
    <annotation name="androidx.annotation.IntDef">
      <val name="value" val="{dji.v5.ux.mapkit.core.Mapkit.MapProviderConstant.INVALID_PROVIDER, dji.v5.ux.mapkit.core.Mapkit.MapProviderConstant.GOOGLE_MAP_PROVIDER, dji.v5.ux.mapkit.core.Mapkit.MapProviderConstant.AMAP_PROVIDER, dji.v5.ux.mapkit.core.Mapkit.MapProviderConstant.MAPLIBRE_MAP_PROVIDER, dji.v5.ux.mapkit.core.Mapkit.MapProviderConstant.HERE_MAP_PROVIDER}" />
    </annotation>
  </item>
  <item name="dji.v5.ux.mapkit.core.MapkitOptions.Builder providerList">
    <annotation name="androidx.annotation.IntDef">
      <val name="value" val="{dji.v5.ux.mapkit.core.Mapkit.MapProviderConstant.INVALID_PROVIDER, dji.v5.ux.mapkit.core.Mapkit.MapProviderConstant.GOOGLE_MAP_PROVIDER, dji.v5.ux.mapkit.core.Mapkit.MapProviderConstant.AMAP_PROVIDER, dji.v5.ux.mapkit.core.Mapkit.MapProviderConstant.MAPLIBRE_MAP_PROVIDER, dji.v5.ux.mapkit.core.Mapkit.MapProviderConstant.HERE_MAP_PROVIDER}" />
    </annotation>
  </item>
</root>

